<?xml version="1.0" encoding="utf-8"?>
<templates id="template" xml:space="preserve">
    <!--  Align Invite Button in Settings  -->
    <t t-inherit="web.res_config_invite_users" t-inherit-mode="extension" owl="1">
        <xpath expr="//div[hasclass('d-flex')]" position="attributes">
            <attribute name="class">d-flex align-items-center</attribute>
        </xpath>
    </t>
    <!--  Remove App Icon in Settings  -->
    <t t-inherit="web.SettingsPage" t-inherit-mode="extension" owl="1">
        <xpath expr="//div[hasclass('tab')]" position="replace">
            <div class="tab" t-attf-data-key="#{module.key}" role="tab" t-on-click="() => this.onSettingTabClick(module.key)">
                <span class="app_name"><t t-esc="module.string"/></span>
            </div>
        </xpath>
    </t>
</templates>
